{
    "accuracy": 0.7337662337662337,
    "precision": 0.6585365853658537,
    "recall": 0.5,
    "f1_score": 0.5684210526315789
}